{"a": 0.41088498304039467, "b": 0.11709836571076164, "c": 0.14801110083256244, "d": 0.17715078630897318, "e": 0.4397934011717545, "f": 0.07631822386679, "g": 0.11894850447116867, "h": 0.131668208448967, "i": 0.27667283379586805, "j": 0.022278754239901326, "k": 0.11131668208448967, "l": 0.2400555041628122, "m": 0.14400246685168056, "n": 0.2148473635522664, "o": 0.301495528831329, "p": 0.14531298180696886, "q": 0.008556891766882516, "r": 0.3013413506012951, "s": 0.45760098674067223, "t": 0.23381128584643848, "u": 0.1877890841813136, "v": 0.05195806352143077, "w": 0.07924761023743447, "x": 0.022124576009867405, "y": 0.15656799259944496, "z": 0.030141843971631204}